sample_id,file,stratum,lang,id,question,question_en,answer,gold_title,other_pages,verdict_question,verdict_answer,verdict_gold,notes
1,rag,"challenge, other pages fit too",fi,fiwiki/Q47035824,"Mikä Pirkanmaan järvi Laipanmaan metsäalueen reunalla on hapan, humusrikas ja silti hyväksi luokiteltu?","Which lake in Pirkanmaa at the edge of the Laipanmaa forest area is acidic, humus-rich and yet classified as good?","Iso Kiimasjärvi (myös Iso Kiimajärvi) on Kangasalla Laipanmaan metsäalueen reunalla sijaitseva järvi, jonka vesi on hapanta, runsashumuksista ja ruskeaa, mutta se on silti luokiteltu hyväksi.",Iso Kiimasjärvi,Vasajärvi (Pälkäne) (fiwiki/Q47035864),,,,
2,rag,"challenge, other pages fit too",sv,svwiki/Q28745936,I vilket svenskt län finns sjön i Lappland vars utflöde har biflödesordning 3 och når havet efter 170 kilometer?,In which Swedish county is the lake in Lapland whose outflow has tributary order 3 and reaches the sea after 170 kilometres?,"Det är Norrbottens län. Sjön Laskas ligger i Jokkmokks kommun i Lappland, och dess utflöde har biflödesordning 3, vilket innebär att vattnet når havet efter 170 kilometer.",Laskas,"Lamsi (svwiki/Q18139221); Kivijärvi (Jokkmokks socken, Lappland) (svwiki/Q18139111); Suolaure (Jokkmokks socken, Lappland) (svwiki/Q18139840); Njallaure (Jokkmokks socken, Lappland, 741031-170896) (svwiki/Q18139445); Muoka (svwiki/Q18139386); Sikträsket (Lycksele socken, Lappland, 718662-163143) (svwiki/Q17523316); Pinko (svwiki/Q28745940); Sårvatj (Jokkmokks socken, Lappland, 739023-168171) (svwiki/Q18139867); Nuortek (svwiki/Q18139477); Långtjärnen (Dorotea socken, Lappland, 709991-155352) (svwiki/Q17525253); Tavek (Jokkmokks socken, Lappland, 741173-170571) (svwiki/Q18139913); Grabboksjön (svwiki/Q17525166); Stor-Hanger (svwiki/Q18139776); Oxtjärnen (Dorotea socken, Lappland, 709930-155230) (svwiki/Q17525291)",,,,
3,rag,"challenge, other pages fit too",sv,svwiki/Q18139479,"Vilken sjö i Lule älvs huvudavrinningsområde ingår i ett delavrinningsområde utan uppströms avrinningsområden, med medelhöjden 200 meter och ytan 44,55 kvadratkilometer?","Which lake in the Lule River main drainage basin belongs to a sub-catchment with no upstream catchment areas, a mean height of 200 metres and an area of 44.55 square kilometres?","Nybyggestjärnen i Jokkmokks kommun ingår i Lule älvs huvudavrinningsområde. Dess delavrinningsområde har inga uppströms avrinningsområden, en medelhöjd på 200 meter och en yta på 44,55 km².",Nybyggestjärnen,"Nappasträsket (svwiki/Q18139420); Tiukaträsket (svwiki/Q18139928); Långtjärnen (Edefors socken, Norrbotten, 737095-172703) (svwiki/Q18137277); Ájronjávrásj (svwiki/Q16495775); Tåkasjaure (svwiki/Q18140071); Ödlingsträsket (svwiki/Q18140196); Költräsket (svwiki/Q18137175); Stor-Lastajaure (svwiki/Q18139784)",,,,
4,rag,"challenge, other pages fit too",sv,svwiki/Q18183719,"Hur långt från havet ligger det delavrinningsområde i Sollefteå kommun som mestadels består av skog och har en yta på 23,2 kvadratkilometer?",How far from the sea is the sub-catchment area in Sollefteå municipality that is mostly forest and has an area of 23.2 square kilometres?,"Avståndet till havet är 66 kilometer. Det rör sig om delavrinningsområdet för Norsjön i Sollefteå kommun, som har en yta på 23,2 kvadratkilometer och mestadels består av skog, 77 procent.","Norsjön, Ångermanland","Tjuvsjön, Ångermanland (svwiki/Q18183994)",,,,
5,rag,"challenge, other pages fit too",sv,svwiki/Q16275680,Vilken sjö i Ljungby kommun har måttlig ekologisk status och drabbas av både försurning och övergödning?,Which lake in Ljungby municipality has moderate ecological status and is affected by both acidification and eutrophication?,"Det är Agunnarydsjön i Ljungby kommun i Småland. Sjön har måttlig ekologisk status, och både försurning och övergödning anges som miljöproblem, medan den kemiska statusen är god.",Agunnarydsjön,Mäen (svwiki/Q18134260),,,,
6,rag,challenge,sv,svwiki/Q18197396,"Vilken sjö i Bohuslän har en strandlinje på 1,94 kilometer och avvattnas av ett vattendrag vars mynning ligger 27 kilometer bort?",Which lake in Bohuslän has a shoreline of 1.94 kilometres and is drained by a watercourse whose mouth lies 27 kilometres away?,"Det är Norra Blötevattnet. Sjön har en strandlinje på 1,94 km och ingår i ett delavrinningsområde vars utflöde når havet efter 27 km.",Norra Blötevattnet,,,,,
7,rag,challenge,es,eswiki/Q35453820,"¿Qué fortaleza del siglo XII construida en mampostería en Aragón ha perdido su muro sur por el terreno, pero conserva el muro norte con torreón, ronda y almenas?","Which 12th-century fortress built in masonry in Aragon has lost its south wall due to the ground, but keeps its north wall with a tower, wall walk and battlements?","Es el castillo de Talamantes, un pequeño castillo roquero construido en mampostería: el muro sur ha desaparecido por el fallo del terreno, mientras el muro norte se conserva en buen estado con un torreón, el camino de ronda y las almenas.",Castillo de Talamantes,,,,,
8,rag,challenge,fr,frwiki/Q2968394,"Quelle place forte du comté de Bourgogne, en France, fut incendiée en 1519, laissée en ruine, puis dépouillée de ses pierres par les villageois au XVIIe siècle ?","Which stronghold in the county of Burgundy, in France, was burned in 1519, left in ruins, then stripped of its stones by villagers in the 17th century?","Il s'agit du château d'Étobon, dans le comté de Bourgogne : incendié en 1519, il devint une ruine et les villageois emportèrent ses pierres au XVIIe siècle.",Château d'Étobon,,,,,
9,rag,challenge,sv,svwiki/Q18202403,Vilka grova lövträd växer i sluttningen vid den gamla gården i det naturreservat i Västra Götalands län som inrättades 2011?,Which coarse deciduous trees grow in the slope by the old farm in the nature reserve in Västra Götalands county established in 2011?,I branten vid gården Kednäs finns gott om grova ekar och aspar. Naturreservatet inrättades 2011 och ligger i Åmåls kommun i Västra Götalands län.,Kednäs,,,,,
10,rag,challenge,sv,svwiki/Q18101198,Vilken sjö i Strömsunds kommun har ett delavrinningsområde med en ackumulerad areal uppströms på drygt 95 kvadratkilometer och ligger under trädgränsen?,Which lake in Strömsund Municipality has a sub-catchment with an accumulated upstream area of just over 95 square kilometres and lies below the tree line?,"Sjön är Mörtvattnet i Strömsunds kommun. Dess delavrinningsområde har en ackumulerad areal uppströms på 95,39 kvadratkilometer när de sju uppströms liggande avrinningsområdena räknas in, och sjön tillhör den limniska ekoregionen Norrlands inland under trädgränsen.",Mörtvattnet,,,,,
11,rag,corpus,it,itwiki/Q3676827,"Chi ha fatto la prima ascensione della Cima di Valeille, nel Massiccio del Gran Paradiso?",Who made the first ascent of Cima di Valeille in the Gran Paradiso massif?,"La prima ascensione fu il 14 settembre 1893, ad opera di Giovanni Bobba e Casimire Thérisod (guida).",Cima di Valeille,,,,,
12,rag,corpus,de,dewiki/Q51288224,Wie entstanden die Kuhställe bei Timmenrode im Landkreis Harz?,How did the Kuhställe near Timmenrode in the Harz district come into being?,"Es wird vermutet, dass die Höhlen im Zuge der Gewinnung von Scheuersand entstanden.",Kuhställe,,,,,
13,rag,corpus,sv,svwiki/Q10658788,Vilka skogstyper finns i naturreservatet Råön i östra Bolmen?,What types of forest are found in the Råön nature reserve in eastern Bolmen?,"Inom reservatet finns bokskog, lövskog och barrskog. Bokskogen är mycket gammal.",Råön,,,,,
14,rag,corpus,fi,fiwiki/Q131698981,Kuinka syvä on Kuopiossa ja Tervossa Karttulan kirkonkylän lähellä sijaitseva Sammakkolampi?,How deep is Sammakkolampi near the village of Karttula in Kuopio and Tervo?,Lammen suurin syvyys on 1 metri.,Sammakkolampi (Karttula),,,,,
15,rag,corpus,de,dewiki/Q2265644,Wie hoch ist die Seespitze in den Hohen Tauern?,How high is the Seespitze in the Hohe Tauern?,Die Seespitze ist 3021 m ü. A. hoch.,Seespitze (Hohe Tauern),,,,,
16,unanswerable,false_premise,de,dewiki/Q15825935,Warum wurde der Linowsee bereits 1955 Teil des Naturschutzgebietes Linowsee-Dutzendsee?,Why did the Linowsee become part of the Linowsee-Dutzendsee nature reserve as early as 1955?,"The article states that the Linowsee and the neighbouring Dutzendsee became part of the Linowsee-Dutzendsee nature reserve in 1995, not 1955; the question presupposes a wrong year that the article contradicts.",Linowsee (Heidesee),,,,,
17,unanswerable,false_premise,cs,cswiki/Q14970474,Proč byl Hrad u Konrádova přestavěn v 16. století?,Why was Hrad u Konrádova rebuilt in the 16th century?,"The article dates the castle's construction to the high Middle Ages (vrcholný středověk), based only on ceramic finds, and describes it as a long-vanished ruin whose demise was probably a fire, with no written records at all. It says nothing about any 16th-century rebuilding — the castle was already a ruin by then — so the question's premise is false.",Hrad u Konrádova,,,,,
18,unanswerable,false_premise,de,dewiki/Q330859,Weshalb speist der Übelsbach am Übelsberg die Krumme Lutter?,Why does the Übelsbach feed the Krumme Lutter at the Übelsberg?,"The article states that the Übelsbach, which rises at the mountain, feeds the Graden Lutter flowing to the south, while the Krumme Lutter runs to the east and receives the Schadenbeek. The premise that the Übelsbach feeds the Krumme Lutter contradicts the article.",Übelsberg,,,,,
19,unanswerable,false_premise,es,eswiki/Q28914409,¿Por qué fue reconquistado el castillo de Moros por Alfonso II de Aragón en 1120?,Why was the castle of Moros reconquered by Alfonso II of Aragón in 1120?,"The article states that in 1120 the area was reconquered by Alfonso I el Batallador, not Alfonso II (who reigned much later, 1164–1196). The question presupposes a false king for the 1120 reconquest, which the article directly contradicts.",Castillo de Moros,,,,,
20,unanswerable,false_premise,it,itwiki/Q3662508,Perché la Repubblica di Venezia ordinò la distruzione del castello di Breno nel 1455 insieme agli altri castelli e rocche della valle?,Why did the Republic of Venice order the destruction of the Castle of Breno in 1455 along with the other castles and fortresses of the valley?,"The article states that in 1455 Venice ordered the destruction of all castles and fortresses in the valley EXCEPT that of Breno, which was spared and designated as the seat of the local regiment. The premise that Breno was demolished is directly contradicted.",Castello di Breno,,,,,
21,unanswerable,not_covered,de,dewiki/Q293946,Wie hoch ist die Eintrittsgebühr für den Badestrand am Ödensee?,What is the admission fee for the bathing beach at Lake Ödensee?,"The article mentions that Ödensee is a popular regional bathing lake in summer, but gives no information about any bathing beach, admission fees, or prices; no Wikipedia page is likely to answer this.",Ödensee,,,,,
22,unanswerable,not_covered,de,dewiki/Q15825935,"Gibt es am Linowsee einen Badestrand, und ist das Baden im See erlaubt?","Is there a bathing beach at the Linowsee, and is swimming in the lake permitted?","The article covers geography, hydrography, naming history and nature-reserve status, but never mentions bathing, a beach or swimming regulations; no Wikipedia page is likely to answer this.",Linowsee (Heidesee),,,,,
23,unanswerable,not_covered,cs,cswiki/Q14970474,Kolik stojí vstupné na Hrad u Konrádova?,How much is the admission fee for Hrad u Konrádova?,"The article only covers the location, history and architectural description of the ruined rock castle; it never mentions admission prices, opening hours or any visiting conditions, and no Wikipedia page is likely to provide such a detail.",Hrad u Konrádova,,,,,
24,unanswerable,not_covered,de,dewiki/Q330859,Gibt es am Übelsberg einen Wanderparkplatz?,Is there a hiking car park at the Übelsberg?,"The article only covers the mountain's location, natural-region classification, protected area and forestation; it never mentions any parking, access roads or visitor infrastructure, so this question cannot be answered from it.",Übelsberg,,,,,
25,unanswerable,not_covered,es,eswiki/Q28914409,¿Cuál es el precio de la entrada para visitar el castillo de Moros?,What is the entrance fee to visit the castle of Moros?,"The article only covers the castle's history, description of its ruins, and inaccessibility; it never mentions any entrance fee, tickets, or visiting conditions, and no Wikipedia page is likely to provide this detail.",Castillo de Moros,,,,,
26,meta,geo,hu,huwiki/Q47463622,Milyen természetvédelmi területek vannak az Iskola-zsombolytól legfeljebb 10 km-re?,Which nature reserves are there within 10 km of Iskola-zsomboly?,all nature reserves within 10 km of Iskola-zsomboly,Iskola-zsomboly,Zemné hradisko (skwiki/Q20901942),,,,
27,meta,geo,it,itwiki/Q137211148,Quali grotte si trovano entro 25 km dal Monte Facciabella?,Which caves are within 25 km of Monte Facciabella?,all caves within 25 km of Monte Facciabella,Monte Facciabella,Borna di Ciove (itwiki/Q141500588),,,,
28,meta,geo,fr,frwiki/Q3117165,Quelles réserves naturelles y a-t-il à moins de 10 km de la Grotte de Rosée ?,Which nature reserves are there within 10 km of Grotte de Rosée?,all nature reserves within 10 km of Grotte de Rosée,Grotte de Rosée,Réserve naturelle « Aux roches » (frwiki/Q56320951),,,,
29,meta,geo,it,itwiki/Q3662745,Quali cascate ci sono entro 25 km dal Castello di Monteventano?,Which waterfalls are there within 25 km of Castello di Monteventano?,all waterfalls within 25 km of Castello di Monteventano,Castello di Monteventano,Cascate del Perino (itwiki/Q97369764),,,,
30,meta,geo,it,itwiki/Q3698743,Quali castelli si trovano entro 25 km dal Crozzon di Lares?,Which castles are there within 25 km of Crozzon di Lares?,all castles within 25 km of Crozzon di Lares,Crozzon di Lares,Castel Campo (itwiki/Q17624067); Castello di San Michele (Ossana) (itwiki/Q24199541); Castello di Cimbergo (itwiki/Q3662571); Castello di Mù (itwiki/Q3662760); Castello di Stenico (itwiki/Q3662912),,,,
31,meta,geo,fi,fiwiki/Q24326573,Mitä järviä on 5 km:n säteellä Kosamonjärvi?,Which lakes are there within 5 km of Kosamonjärvi?,all lakes within 5 km of Kosamonjärvi,Kosamonjärvi,"Salmijärvi och Heinilampi (svwiki/Q24314037); Kangaslampi (sjö i Pudasjärvi, Norra Österbotten, Finland) (svwiki/Q24329877); Hetejärvi (sjö i Norra Österbotten) (svwiki/Q24332091); Pikku-Pesiö (svwiki/Q31860239)",,,,
32,meta,geo,nl,nlwiki/Q126688597,Wat zijn alle kastelen binnen 25 km van Gravenhof?,What are all the castles within 25 km of Gravenhof?,all castles within 25 km of Gravenhof,Gravenhof,Pronkenburg (Kapelle) (nlwiki/Q125819508); Huis te Werf (nlwiki/Q126917151); Kasteel van Kruiningen (nlwiki/Q127957153); Zandenburg (nlwiki/Q146610); Oosterstein (nlwiki/Q17454841); Kasteelberg Spreeuwenstein (nlwiki/Q2410007),,,,
33,meta,list,da,list|garden|DK,Hvilke haver er der i Danmark?,Which gardens are there in Denmark?,all gardens in country DK,-,Classens Have (dawiki/Q10454587); Boolsens Stenhave (dawiki/Q12304110); Birkegårdens Haver (dawiki/Q24284173); Anne Justs Have (dawiki/Q27530917); Det Kongelige Biblioteks Have (dawiki/Q3375611),,,,
34,meta,list,sk,list|garden|SK,Aké sú všetky záhrady na Slovensku?,What are all the gardens in Slovakia?,all gardens in country SK,-,Kochova záhrada (skwiki/Q12769233); Lipaiovská záhrada (skwiki/Q27809719); Baroková záhrada na Bratislavskom hrade (skwiki/Q29789831),,,,
35,meta,list,pt,list|castle_ruin|PT,Que ruínas de castelo existem em Portugal?,Which castle ruins are there in Portugal?,all castle ruins in country PT,-,Castelo de Odemira (ptwiki/Q17390074); Castelo de Almeida (ptwiki/Q5049743),,,,
36,compare,number,sk,skwiki/Q20865894,O koľko hektárov je rozloha prírodnej rezervácie Šípka v Plášťovciach väčšia ako rozloha prírodnej rezervácie Mačinová v Očovej?,By how many hectares is the area of the Šípka nature reserve in Plášťovce larger than the area of the Mačinová nature reserve in Očová?,"Rozloha Šípky v Plášťovciach je o 41,9800 ha väčšia ako rozloha Mačinovej v Očovej (46,8400 ha oproti 4,86 ha).",Mačinová (prírodná rezervácia),Mačinová (prírodná rezervácia) (skwiki/Q20865894); Šípka (prírodná rezervácia) (skwiki/Q20861161),,,,
37,compare,date,it,itwiki/Q63495607,Quale è più antico tra il castello di Scaletta Zanclea e il castello di Rocca San Felice?,"Which is older, the castle of Scaletta Zanclea or the castle of Rocca San Felice?","È più antico il castello di Rocca San Felice: la sua edificazione è probabile intorno all'850, mentre il castello di Scaletta Zanclea fu eretto nel 1220.",Castello di Scaletta Zanclea,Castello di Scaletta Zanclea (itwiki/Q63495607); Castello di Rocca San Felice (itwiki/Q56682782),,,,
38,compare,common,hu,huwiki/Q39078966,"Milyen barlangi képződmény fordul elő mind a bódvaszilasi Gőte-zsombolyban, mind az esztergomi Strázsa-hegyi-sziklaodúban?",What cave formation occurs in both the Gőte-zsomboly in Bódvaszilas and the Strázsa-hegyi-sziklaodú in Esztergom?,"A borsókő fordul elő mindkét barlangban: a Gőte-zsombolyban cseppkövek és borsókövek, a Strázsa-hegyi-sziklaodúban borsókő, kalcitszivacs és fennőtt romboéderes kalcit figyelhető meg.",Gőte-zsomboly,Gőte-zsomboly (huwiki/Q39078966); Strázsa-hegyi-sziklaodú (huwiki/Q89835417),,,,
39,compare,date,en,enwiki/Q1265826,Which is older: Dunguaire Castle in County Galway or Killiney Castle in County Dublin?,Which is older: Dunguaire Castle in County Galway or Killiney Castle in County Dublin?,"Dunguaire Castle is older. It is a 16th-century tower house, whereas Killiney Castle is an 18th-century manor house whose original Georgian house was built around 1740.",Dunguaire Castle,Dunguaire Castle (enwiki/Q1265826); Killiney Castle (enwiki/Q30970232),,,,
40,compare,attribute,cs,cswiki/Q9346360,Který z vrcholů leží na česko-polské státní hranici: Malý Stožek v Slezských Beskydech nebo Červený vrch v Českém středohoří?,Which of the peaks lies on the Czech-Polish state border: Malý Stožek in the Silesian Beskids or Červený vrch in the České středohoří?,"Na česko-polské státní hranici leží Malý Stožek v Slezských Beskydech, zatímco Červený vrch v Českém středohoří leží na katastrálním území obce Dobroměřice v Ústeckém kraji.",Malý Stožek,"Malý Stožek (cswiki/Q9346360); Červený vrch (České středohoří, 289 m) (cswiki/Q11176643)",,,,
